{"cameraMode":{"drawMode":0,"name":"Shaded","section":"Shading Mode"},"sceneLighting":true,"audioPlay":false,"sceneViewState":{"showFog":true,"showMaterialUpdate":false,"showSkybox":true,"showFlares":true,"showImageEffects":true,"showParticleSystems":true,"showVisualEffectGraphs":true,"m_FxEnabled":true},"in2DMode":false,"pivot":{"x":0.05501088127493858,"y":1.6423795223236085,"z":0.02626490592956543},"rotation":{"x":0.002338830381631851,"y":0.9962835311889648,"z":-0.08118636161088944,"w":0.028702042996883394},"size":0.3134426176548004,"orthographic":false}